"posted-","the-art-of-nostalgia","The Art of Nostalgia"
"so-dawn-goes-down-to-day-nothing-gold-can-stay-robert-frost-","water-and-gold","Water and Gold"
"water-is-taught-by-thirst-emily-dickinson-","water-and-gold","Water and Gold"
"","the-art-of-nostalgia","The Art of Nostalgia"
"a-boat-on-the-water-as-a-seabird-flies","australian-art","australian art"
"a-boat-on-the-water-as-a-seabird-flies","ocean-island-shore","Ocean, Island, Shore"
"a-token-of-love","the-art-of-nostalgia","The Art of Nostalgia"
"a-trip-to-the-pier-and-never-mind-the-weather-i","the-art-of-nostalgia","The Art of Nostalgia"
"a-trip-to-the-pier-and-never-mind-the-weather-ii","the-art-of-nostalgia","The Art of Nostalgia"
"after-rain","water-and-gold","Water and Gold"
"after-the-floods-creek-at-evening","water-and-gold","Water and Gold"
"after-the-rain","water-and-gold","Water and Gold"
"against-the-light-ii","archive","Archive"
"against-the-light-iv","ocean-island-shore","Ocean, Island, Shore"
"all-across-the-silver-sea","ocean-island-shore","Ocean, Island, Shore"
"all-the-pretty-horses-i","the-art-of-nostalgia","The Art of Nostalgia"
"all-the-pretty-horses-ii","the-art-of-nostalgia","The Art of Nostalgia"
"an-interlude-of-landscape-studies","water-and-gold","Water and Gold"
"arcadian-gothic","the-art-of-nostalgia","The Art of Nostalgia"
"art-of-nostalgia-artwork-at-the-convent-gallery-daylesford","the-art-of-nostalgia","The Art of Nostalgia"
"art-of-nostalgia-selection-at-the-convent-gallery-daylesford","the-art-of-nostalgia","The Art of Nostalgia"
"art-of-nostalgia-selection-at-the-convent-gallery-daylesford","the-art-of-nostalgia","The Art of Nostalgia"
"art-of-nostalgia-selection-at-the-convent-gallery-daylesford","the-art-of-nostalgia","The Art of Nostalgia"
"at-the-farthest-edge-i","landscape-seascape-australian-art","landscape seascape australian art"
"at-the-farthest-edge-i","ocean-island-shore","Ocean, Island, Shore"
"at-the-farthest-edge-ii","landscape-seascape-australian-art","landscape seascape australian art"
"at-the-farthest-edge-ii","ocean-island-shore","Ocean, Island, Shore"
"at-the-furthest-edge-iii","landscape-seascape-australian-art","landscape seascape australian art"
"at-the-furthest-edge-iii","ocean-island-shore","Ocean, Island, Shore"
"at-the-wind-scoured-edge","ocean-island-shore","Ocean, Island, Shore"
"attrition-i","ocean-island-shore","Ocean, Island, Shore"
"attrition-ii","ocean-island-shore","Ocean, Island, Shore"
"attrition-iii","ocean-island-shore","Ocean, Island, Shore"
"auriferous-spring-creek","water-and-gold","Water and Gold"
"back-beach-ii","ocean-island-shore","Ocean, Island, Shore"
"back-beach-ii","ocean-island-shore","Ocean, Island, Shore"
"back-to-the-bush","water-and-gold","Water and Gold"
"balancing-past-the-bathing-boxes","the-art-of-nostalgia","The Art of Nostalgia"
"bathers","archive","Archive"
"bathers-at-half-moon","archive","Archive"
"bay-after-noon","archive","Archive"
"bay-blue","archive","Archive"
"bay-walk","archive","Archive"
"beach-by-the-bush","the-art-of-nostalgia","The Art of Nostalgia"
"beach-huts-on-the-bay","archive","Archive"
"beat-the-heat","the-art-of-nostalgia","The Art of Nostalgia"
"beaumaris-evening","ocean-island-shore","Ocean, Island, Shore"
"before-the-tide-turned","the-art-of-nostalgia","The Art of Nostalgia"
"beneath-the-blue","the-art-of-nostalgia","The Art of Nostalgia"
"beneath-the-bridge","water-and-gold","Water and Gold"
"beneath-your-feet-i","ocean-island-shore","Ocean, Island, Shore"
"beneath-your-feet-ii","ocean-island-shore","Ocean, Island, Shore"
"blue-day","archive","Archive"
"breathe","ocean-island-shore","Ocean, Island, Shore"
"breathe-the-sea-as-the-sky-lets-in-the-light","ocean-island-shore","Ocean, Island, Shore"
"breeze","archive","Archive"
"bright-grass-black-dog","water-and-gold","Water and Gold"
"bright-water-under-jetties","ocean-island-shore","Ocean, Island, Shore"
"bright-white-day","ocean-island-shore","Ocean, Island, Shore"
"broken-shore","ocean-island-shore","Ocean, Island, Shore"
"broken-silence","archive","Archive"
"bruny-i","ocean-island-shore","Ocean, Island, Shore"
"burning-down-the-house","archive","Archive"
"bus-stop","the-art-of-nostalgia","The Art of Nostalgia"
"by-the-bay","archive","Archive"
"cafe-i-girl-in-red","the-art-of-nostalgia","The Art of Nostalgia"
"cafe-ii-scooter-girl","the-art-of-nostalgia","The Art of Nostalgia"
"cafe-iii-time-goes-by-so-slowly","the-art-of-nostalgia","The Art of Nostalgia"
"camberwell-art-show","approved","approved"
"caprice","the-art-of-nostalgia","The Art of Nostalgia"
"carousel-i","funfair","funfair"
"carousel-i","the-art-of-nostalgia","The Art of Nostalgia"
"carousel-ii","the-art-of-nostalgia","The Art of Nostalgia"
"carousel-iii","archive","Archive"
"carriage","the-art-of-nostalgia","The Art of Nostalgia"
"cave","ocean-island-shore","Ocean, Island, Shore"
"cave","ocean-island-shore","Ocean, Island, Shore"
"city-from-bayside","archive","Archive"
"city-on-the-bay","archive","Archive"
"clarity","archive","Archive"
"cliff-face-the-tree-in-light","ocean-island-shore","Ocean, Island, Shore"
"cloud-ring-at-blind-bight","water-and-gold","Water and Gold"
"cloudy-bay","ocean-island-shore","Ocean, Island, Shore"
"cold-play","the-art-of-nostalgia","The Art of Nostalgia"
"convent-gallery-exhibition","archive","Archive"
"convent-gallery-exhibition","archive","Archive"
"cool-wind-in-the-reeds","water-and-gold","Water and Gold"
"cooling-off","archive","Archive"
"cradled-gold","water-and-gold","Water and Gold"
"cradled-gold","water-and-gold","Water and Gold"
"dark-rocks-bright-sea-ii","ocean-island-shore","Ocean, Island, Shore"
"dark-rocks-bright-water","ocean-island-shore","Ocean, Island, Shore"
"darkness-beneath","the-art-of-nostalgia","The Art of Nostalgia"
"dawn","ocean-island-shore","Ocean, Island, Shore"
"dawn-sea-rock-flowers","ocean-island-shore","Ocean, Island, Shore"
"days-of-summer","ocean-island-shore","Ocean, Island, Shore"
"days-to-remember","archive","Archive"
"daytrip","the-art-of-nostalgia","The Art of Nostalgia"
"deluge","water-and-gold","Water and Gold"
"drawing-on-the-bay","ocean-island-shore","Ocean, Island, Shore"
"dreaming-of-the-sea","the-art-of-nostalgia","The Art of Nostalgia"
"drift","ocean-island-shore","Ocean, Island, Shore"
"drift-i","archive","Archive"
"dune","the-art-of-nostalgia","The Art of Nostalgia"
"eat-me","archive","Archive"
"edge-i","ocean-island-shore","Ocean, Island, Shore"
"edge-ii","ocean-island-shore","Ocean, Island, Shore"
"edge-of-evening-i","ocean-island-shore","Ocean, Island, Shore"
"edge-of-evening-ii","ocean-island-shore","Ocean, Island, Shore"
"elation-and-the-trees","ocean-island-shore","Ocean, Island, Shore"
"estuary-paperbarks-i","ocean-island-shore","Ocean, Island, Shore"
"estuary-paperbarks-ii","ocean-island-shore","Ocean, Island, Shore"
"estuary-paperbarks-iii","ocean-island-shore","Ocean, Island, Shore"
"estuary-walk-i","archive","Archive"
"estuary-walk-ii","archive","Archive"
"estuary-walk-iii","archive","Archive"
"evening-on-the-foreshore","archive","Archive"
"evening-walk-after-rain-i","water-and-gold","Water and Gold"
"evening-walk-after-rain-ii","water-and-gold","Water and Gold"
"featured-in-exhibition-at-the-camberwell-art-show","archive","Archive"
"find-a-wild-place","the-art-of-nostalgia","The Art of Nostalgia"
"flinders","archive","Archive"
"forgotten","the-art-of-nostalgia","The Art of Nostalgia"
"friends","archive","Archive"
"from-the-lighthouse","ocean-island-shore","Ocean, Island, Shore"
"from-the-lighthouse","ocean-island-shore","Ocean, Island, Shore"
"funfair-by-the-sea","the-art-of-nostalgia","The Art of Nostalgia"
"going-back","the-art-of-nostalgia","The Art of Nostalgia"
"great-ocean-small-works-at-qdos-arts","archive","Archive"
"grey-day-bright-lake","water-and-gold","Water and Gold"
"halcyon-summer","archive","Archive"
"half-moon-bay","archive","Archive"
"happiest-when-most-away","the-art-of-nostalgia","The Art of Nostalgia"
"headland","ocean-island-shore","Ocean, Island, Shore"
"heat-i-and-ii","archive","Archive"
"hell-no","the-art-of-nostalgia","The Art of Nostalgia"
"helter-skelter","the-art-of-nostalgia","The Art of Nostalgia"
"her-secret-garden-by-the-sea","the-art-of-nostalgia","The Art of Nostalgia"
"here-comes-the-rain","water-and-gold","Water and Gold"
"hidden-monument","ocean-island-shore","Ocean, Island, Shore"
"hide-and-seek","archive","Archive"
"higher-and-higher","the-art-of-nostalgia","The Art of Nostalgia"
"hollow-cliff","ocean-island-shore","Ocean, Island, Shore"
"icon-worlds","archive","Archive"
"in-a-solitary-season","the-art-of-nostalgia","The Art of Nostalgia"
"in-between","archive","Archive"
"in-the-studio","studio-stock","Studio Stock"
"into-our-first-world-i","the-art-of-nostalgia","The Art of Nostalgia"
"into-our-first-world-ii","the-art-of-nostalgia","The Art of Nostalgia"
"into-the-fading-air","the-art-of-nostalgia","The Art of Nostalgia"
"into-the-light","archive","Archive"
"into-the-light-i","ocean-island-shore","Ocean, Island, Shore"
"into-the-light-ii","archive","Archive"
"into-the-light-iii","archive","Archive"
"into-the-light-iv","ocean-island-shore","Ocean, Island, Shore"
"island-cliff","landscape-seascape-australian-art","landscape seascape australian art"
"island-cliff","ocean-island-shore","Ocean, Island, Shore"
"island-cliff-ii","ocean-island-shore","Ocean, Island, Shore"
"island-cliff-charcoal-sketch","ocean-island-shore","Ocean, Island, Shore"
"island-evening","ocean-island-shore","Ocean, Island, Shore"
"island-evening","oil-painting","oil painting"
"island-evening-ii","ocean-island-shore","Ocean, Island, Shore"
"island-home-i","the-art-of-nostalgia","The Art of Nostalgia"
"island-home-iii","ocean-island-shore","Ocean, Island, Shore"
"jahla-in-sunshine","archive","Archive"
"jetty-i","archive","Archive"
"jetty-ii","archive","Archive"
"just-one-more-song","the-art-of-nostalgia","The Art of Nostalgia"
"keep-me-company","the-art-of-nostalgia","The Art of Nostalgia"
"kiosk","the-art-of-nostalgia","The Art of Nostalgia"
"lady-anna-cowen","archive","Archive"
"lady-bay","ocean-island-shore","Ocean, Island, Shore"
"lady-julia-island","ocean-island-shore","Ocean, Island, Shore"
"lakeside-i-lightning-struck","water-and-gold","Water and Gold"
"lakeside-ii-light-on-water","water-and-gold","Water and Gold"
"lakeside-iii-water-plants","water-and-gold","Water and Gold"
"lakeside-iv-fragile-tree","water-and-gold","Water and Gold"
"lakeside-sentinels","water-and-gold","Water and Gold"
"lakeside-the-lonely-tree-i","water-and-gold","Water and Gold"
"lakeside-the-lonely-tree-ii","water-and-gold","Water and Gold"
"land-s-edge-i","ocean-island-shore","Ocean, Island, Shore"
"land-s-edge-ii","ocean-island-shore","Ocean, Island, Shore"
"landscape-rainwashed-sunlit","water-and-gold","Water and Gold"
"last-go","the-art-of-nostalgia","The Art of Nostalgia"
"last-light-on-beach-road","archive","Archive"
"last-swim","archive","Archive"
"late-rain-sun-fall","water-and-gold","Water and Gold"
"leaf-shower-at-evening","water-and-gold","Water and Gold"
"leaving","the-art-of-nostalgia","The Art of Nostalgia"
"lets-stay-together","archive","Archive"
"libertas-vivere","ocean-island-shore","Ocean, Island, Shore"
"light-falling","ocean-island-shore","Ocean, Island, Shore"
"light-on-water","ocean-island-shore","Ocean, Island, Shore"
"like-longing-sunlight-in-winter-","ocean-island-shore","Ocean, Island, Shore"
"like-longing-sunlight-in-winter-","oil-painting","oil painting"
"little-house-over-water","archive","Archive"
"little-lake-in-winter-i","archive","Archive"
"little-lake-in-winter-ii","archive","Archive"
"little-lakeside-tree","water-and-gold","Water and Gold"
"little-pastoral-i","water-and-gold","Water and Gold"
"little-pastoral-iv","archive","Archive"
"little-rock-flowers-landscape","ocean-island-shore","Ocean, Island, Shore"
"little-winter-sea","ocean-island-shore","Ocean, Island, Shore"
"look-at-me","archive","Archive"
"lorne-exhibition-opening-march-","the-art-of-nostalgia","The Art of Nostalgia"
"luminosity","ocean-island-shore","Ocean, Island, Shore"
"maud-and-olive-loving-the-grand-hotel","archive","Archive"
"melbourne-subjectivity-exhibition","archive","Archive"
"melbourne-subjectivity-exhibition","archive","Archive"
"merry-go-round","the-art-of-nostalgia","The Art of Nostalgia"
"midsummer-evening","archive","Archive"
"moodscape-ii","ocean-island-shore","Ocean, Island, Shore"
"moodscape-iv","ocean-island-shore","Ocean, Island, Shore"
"moodscape-v","ocean-island-shore","Ocean, Island, Shore"
"moodscape-vi","ocean-island-shore","Ocean, Island, Shore"
"moodscape-vi","ocean-island-shore","Ocean, Island, Shore"
"morning","ocean-island-shore","Ocean, Island, Shore"
"morning","the-art-of-nostalgia","The Art of Nostalgia"
"mount-eliza-afternoon","archive","Archive"
"moving-on","the-art-of-nostalgia","The Art of Nostalgia"
"new-shoes-","the-art-of-nostalgia","The Art of Nostalgia"
"night-flight","the-art-of-nostalgia","The Art of Nostalgia"
"night-flight","the-art-of-nostalgia","The Art of Nostalgia"
"night-flight-ii-girl-and-goshawk","the-art-of-nostalgia","The Art of Nostalgia"
"nimmon-s-bridge","water-and-gold","Water and Gold"
"no-place-to-hide","the-art-of-nostalgia","The Art of Nostalgia"
"ocean-beach-at-evening-i","ocean-island-shore","Ocean, Island, Shore"
"ocean-beach-at-evening-ii","ocean-island-shore","Ocean, Island, Shore"
"ocean-beach-at-evening-iii","ocean-island-shore","Ocean, Island, Shore"
"ocean-hotel","the-art-of-nostalgia","The Art of Nostalgia"
"ocean-story","ocean-island-shore","Ocean, Island, Shore"
"oceanic-i","landscape-seascape-australian-art","landscape seascape australian art"
"oceanic-i","ocean-island-shore","Ocean, Island, Shore"
"oceanic-ii","landscape-seascape-australian-art","landscape seascape australian art"
"oceanic-ii","ocean-island-shore","Ocean, Island, Shore"
"oceanside-the-yellow-flowers","ocean-island-shore","Ocean, Island, Shore"
"oceanside-the-yellow-flowers-ii","ocean-island-shore","Ocean, Island, Shore"
"old-beach-bike","the-art-of-nostalgia","The Art of Nostalgia"
"old-river-between-light-and-dark","the-art-of-nostalgia","The Art of Nostalgia"
"on-the-ocean-road","the-art-of-nostalgia","The Art of Nostalgia"
"on-the-road","the-art-of-nostalgia","The Art of Nostalgia"
"once","beach","beach"
"once","boy","boy"
"once","retro","retro"
"once","the-art-of-nostalgia","The Art of Nostalgia"
"once","the-art-of-nostalgia","The Art of Nostalgia"
"once","vintage","vintage"
"open-top","the-art-of-nostalgia","The Art of Nostalgia"
"our-room-with-a-view","the-art-of-nostalgia","The Art of Nostalgia"
"outside-the-box","the-art-of-nostalgia","The Art of Nostalgia"
"over-rocks-","ocean-island-shore","Ocean, Island, Shore"
"over-water","archive","Archive"
"pale-wild-flowers-on-the-path-to-the-sea","ocean-island-shore","Ocean, Island, Shore"
"passing-through","the-art-of-nostalgia","The Art of Nostalgia"
"pastoral-i","water-and-gold","Water and Gold"
"pastoral-ii","water-and-gold","Water and Gold"
"pathways","the-art-of-nostalgia","The Art of Nostalgia"
"pause-for-reflection","water-and-gold","Water and Gold"
"pelican","archive","Archive"
"peninsula","archive","Archive"
"peninsula-charm","archive","Archive"
"pier-at-evening","ocean-island-shore","Ocean, Island, Shore"
"pier-i","ocean-island-shore","Ocean, Island, Shore"
"pier-ii","archive","Archive"
"play-time","the-art-of-nostalgia","The Art of Nostalgia"
"portrait-of-audrey-","archive","Archive"
"portrait-of-caitlin","archive","Archive"
"portrait-of-imogen","archive","Archive"
"portrait-of-jasmine-i","archive","Archive"
"portrait-of-jasmine-ii","archive","Archive"
"portrait-of-lachlan","archive","Archive"
"portrait-of-rebecca","archive","Archive"
"posted","the-art-of-nostalgia","The Art of Nostalgia"
"prospero-s-garden","ocean-island-shore","Ocean, Island, Shore"
"pugilist","the-art-of-nostalgia","The Art of Nostalgia"
"qdos-gallery-exhibition","archive","Archive"
"quiet-place","archive","Archive"
"quiet-tide-turning","ocean-island-shore","Ocean, Island, Shore"
"radiance-after-the-storm","water-and-gold","Water and Gold"
"rail-trail-xix-the-telegraph-relics","water-and-gold","Water and Gold"
"rail-trail-xvi-italian-gully","water-and-gold","Water and Gold"
"rail-trail-xvii-nimon-s-bridge","water-and-gold","Water and Gold"
"rail-trail-xviii-under-the-sky","water-and-gold","Water and Gold"
"rain-incoming-island-shore","ocean-island-shore","Ocean, Island, Shore"
"rain-incoming-island-shore-ii","ocean-island-shore","Ocean, Island, Shore"
"rainwashed-sunlit-ii","water-and-gold","Water and Gold"
"red-dress","the-art-of-nostalgia","The Art of Nostalgia"
"remember-","archive","Archive"
"replenish","water-and-gold","Water and Gold"
"resilience","water-and-gold","Water and Gold"
"reverie","ocean-island-shore","Ocean, Island, Shore"
"reverie","the-art-of-nostalgia","The Art of Nostalgia"
"roadtrip","the-art-of-nostalgia","The Art of Nostalgia"
"ruined-bridge","water-and-gold","Water and Gold"
"ruined-pier","ocean-island-shore","Ocean, Island, Shore"
"run-faster","archive","Archive"
"salt-sea-on-basalt-","ocean-island-shore","Ocean, Island, Shore"
"sanctuary","ocean-island-shore","Ocean, Island, Shore"
"sanctuary-for-the-birds","water-and-gold","Water and Gold"
"sand-flower","ocean-island-shore","Ocean, Island, Shore"
"sea-bath","archive","Archive"
"sea-baths","archive","Archive"
"sea-baths-i","archive","Archive"
"sea-baths-ii","archive","Archive"
"sea-shadow","archive","Archive"
"sea-green-whimsy","the-art-of-nostalgia","The Art of Nostalgia"
"seabird-mergus","ocean-island-shore","Ocean, Island, Shore"
"seal-otariidae","ocean-island-shore","Ocean, Island, Shore"
"seaside-rock","archive","Archive"
"secret-garden","the-art-of-nostalgia","The Art of Nostalgia"
"serenity","archive","Archive"
"set-me-free","archive","Archive"
"ship-wreck-gorge","ocean-island-shore","Ocean, Island, Shore"
"shipwreck-gorge","ocean-island-shore","Ocean, Island, Shore"
"shipwreck-gorge-ii","ocean-island-shore","Ocean, Island, Shore"
"shipwreck-gorge-iii","ocean-island-shore","Ocean, Island, Shore"
"shipwreck-gorge-iv","ocean-island-shore","Ocean, Island, Shore"
"shore-line","ocean-island-shore","Ocean, Island, Shore"
"shoreline-bird","ocean-island-shore","Ocean, Island, Shore"
"shoreline-with-sea-lavender","ocean-island-shore","Ocean, Island, Shore"
"shoreline-the-narrow-track","ocean-island-shore","Ocean, Island, Shore"
"silence","archive","Archive"
"silent-shore","ocean-island-shore","Ocean, Island, Shore"
"skipping","the-art-of-nostalgia","The Art of Nostalgia"
"small-coastal-works","ocean-island-shore","Ocean, Island, Shore"
"someone-to-tell-it-to","the-art-of-nostalgia","The Art of Nostalgia"
"song-of-an-island-sea-garden-ii","ocean-island-shore","Ocean, Island, Shore"
"song-of-an-island-sea-garden","ocean-island-shore","Ocean, Island, Shore"
"south-solitary","the-art-of-nostalgia","The Art of Nostalgia"
"sown-on-a-wind-pressed-sea-blown-edge","ocean-island-shore","Ocean, Island, Shore"
"spring","archive","Archive"
"spring-flood","water-and-gold","Water and Gold"
"squally-weather-with-a-large-southerly-sea-cook-s-diary-","ocean-island-shore","Ocean, Island, Shore"
"st-kilda-pier-i","archive","Archive"
"st-kilda-pier-ii","archive","Archive"
"starlit-shore","ocean-island-shore","Ocean, Island, Shore"
"station-pier","archive","Archive"
"steel-stella","the-art-of-nostalgia","The Art of Nostalgia"
"still-light","archive","Archive"
"still-light-outside","the-art-of-nostalgia","The Art of Nostalgia"
"still-light-outside-ii","the-art-of-nostalgia","The Art of Nostalgia"
"still-point","the-art-of-nostalgia","The Art of Nostalgia"
"stillness-blooms-","landscape-seascape-australian-art","landscape seascape australian art"
"stillness-blooms-","ocean-island-shore","Ocean, Island, Shore"
"storm-in-summer","archive","Archive"
"street","the-art-of-nostalgia","The Art of Nostalgia"
"street-by-the-sea","the-art-of-nostalgia","The Art of Nostalgia"
"street-by-the-sea-ii","the-art-of-nostalgia","The Art of Nostalgia"
"summer","the-art-of-nostalgia","The Art of Nostalgia"
"summer-looking-down-on-the-silvered-sea","ocean-island-shore","Ocean, Island, Shore"
"summer-begins-in-blue","water-and-gold","Water and Gold"
"summer-holiday","the-art-of-nostalgia","The Art of Nostalgia"
"summer-i-ii-and-iii","archive","Archive"
"summer-jetty","archive","Archive"
"summer-sea-with-headland","ocean-island-shore","Ocean, Island, Shore"
"sun-raked-into-blue","water-and-gold","Water and Gold"
"sun-spill-at-sorrento","archive","Archive"
"sundays","the-art-of-nostalgia","The Art of Nostalgia"
"sunlit","archive","Archive"
"sunlit-at-the-sea-s-edge","ocean-island-shore","Ocean, Island, Shore"
"sunlit-dam","water-and-gold","Water and Gold"
"sunshower-over-wetlands","water-and-gold","Water and Gold"
"sweet-dreams-i","the-art-of-nostalgia","The Art of Nostalgia"
"sweet-dreams-ii","the-art-of-nostalgia","The Art of Nostalgia"
"swing","the-art-of-nostalgia","The Art of Nostalgia"
"that-shining-afternoon","water-and-gold","Water and Gold"
"the-icon-collection-i-worlds-and-ii-home","archive","Archive"
"the-bright-and-hollow-sky","the-art-of-nostalgia","The Art of Nostalgia"
"the-cape-cliff-and-the-wide-green-sea","ocean-island-shore","Ocean, Island, Shore"
"the-crags-i","ocean-island-shore","Ocean, Island, Shore"
"the-crags-ii","ocean-island-shore","Ocean, Island, Shore"
"the-discovery","archive","Archive"
"the-edge-and-the-sea-wind","ocean-island-shore","Ocean, Island, Shore"
"the-edge-and-the-sea-wind-ii","ocean-island-shore","Ocean, Island, Shore"
"the-green-of-quietness","water-and-gold","Water and Gold"
"the-last-goodbye","the-art-of-nostalgia","The Art of Nostalgia"
"the-last-goodbye","the-art-of-nostalgia","The Art of Nostalgia"
"the-long-day-ends","ocean-island-shore","Ocean, Island, Shore"
"the-morning-caught-in-water","water-and-gold","Water and Gold"
"the-path-to-the-sea","ocean-island-shore","Ocean, Island, Shore"
"the-return","the-art-of-nostalgia","The Art of Nostalgia"
"the-rip","ocean-island-shore","Ocean, Island, Shore"
"the-river","water-and-gold","Water and Gold"
"the-secret","archive","Archive"
"the-sky-catcher-dam","water-and-gold","Water and Gold"
"the-tour","the-art-of-nostalgia","The Art of Nostalgia"
"the-tupperware-girls","-girls-women-retro-vintage-sixties-high-coloured","#girls #women #retro #vintage #sixties #high-coloured"
"the-tupperware-girls","the-art-of-nostalgia","The Art of Nostalgia"
"the-typing-pool","-girls-women-retro-vintage-sixties-high-coloured","#girls #women #retro #vintage #sixties #high-coloured"
"the-typing-pool","the-art-of-nostalgia","The Art of Nostalgia"
"the-upwell","ocean-island-shore","Ocean, Island, Shore"
"the-upwell-ii","ocean-island-shore","Ocean, Island, Shore"
"the-visitor-ii","the-art-of-nostalgia","The Art of Nostalgia"
"the-waves","ocean-island-shore","Ocean, Island, Shore"
"the-way-through","the-art-of-nostalgia","The Art of Nostalgia"
"there-at-last","the-art-of-nostalgia","The Art of Nostalgia"
"this-spring-bright-as-hope","water-and-gold","Water and Gold"
"three-white-birds-at-evening","water-and-gold","Water and Gold"
"through-wildflowers-to-the-bay-below","ocean-island-shore","Ocean, Island, Shore"
"through-wildflowers-to-the-waves","ocean-island-shore","Ocean, Island, Shore"
"thunder-cave","ocean-island-shore","Ocean, Island, Shore"
"ticket-to-ride","archive","Archive"
"tickets-to-ride","the-art-of-nostalgia","The Art of Nostalgia"
"time-and-the-bell-i","the-art-of-nostalgia","The Art of Nostalgia"
"time-and-the-bell-ii","the-art-of-nostalgia","The Art of Nostalgia"
"time-and-tide-i","ocean-island-shore","Ocean, Island, Shore"
"time-and-tide-ii","ocean-island-shore","Ocean, Island, Shore"
"time-and-tide-iii","ocean-island-shore","Ocean, Island, Shore"
"time-out","archive","Archive"
"to-the-beach","the-art-of-nostalgia","The Art of Nostalgia"
"to-the-island-i","ocean-island-shore","Ocean, Island, Shore"
"to-the-island-i-ii-and-iii","ocean-island-shore","Ocean, Island, Shore"
"to-the-island-ii","ocean-island-shore","Ocean, Island, Shore"
"to-the-island-iii","ocean-island-shore","Ocean, Island, Shore"
"to-the-lighthouse","ocean-island-shore","Ocean, Island, Shore"
"trail-i-into-the-morning","water-and-gold","Water and Gold"
"trail-ii-curiosity","water-and-gold","Water and Gold"
"trail-iii-cut-through","water-and-gold","Water and Gold"
"trail-iv-dusk","water-and-gold","Water and Gold"
"trail-ix-distance","water-and-gold","Water and Gold"
"trail-v-fenceline","water-and-gold","Water and Gold"
"trail-vi-after-the-rain","water-and-gold","Water and Gold"
"trail-vii-lifting-mist","water-and-gold","Water and Gold"
"trail-viii-wet-day","water-and-gold","Water and Gold"
"trail-x-dark-tree","water-and-gold","Water and Gold"
"trail-xi-bitter-sky","water-and-gold","Water and Gold"
"trail-xii-watching-the-hail-come-in","water-and-gold","Water and Gold"
"trail-xiii-timeless","water-and-gold","Water and Gold"
"trail-xiv-if-you-don-t-know-where-you-are-going-any-road-will-get-you-there-","water-and-gold","Water and Gold"
"travel-light","the-art-of-nostalgia","The Art of Nostalgia"
"tread-softly","ocean-island-shore","Ocean, Island, Shore"
"trees-edge-waterworld","water-and-gold","Water and Gold"
"trike","the-art-of-nostalgia","The Art of Nostalgia"
"twilights","the-art-of-nostalgia","The Art of Nostalgia"
"two-lady-annas-at-the-sir-zelman-cowen-centre-melbourne","archive","Archive"
"under-another-sky","the-art-of-nostalgia","The Art of Nostalgia"
"until-tomorrow","the-art-of-nostalgia","The Art of Nostalgia"
"waiting","the-art-of-nostalgia","The Art of Nostalgia"
"waiting","the-art-of-nostalgia","The Art of Nostalgia"
"waiting-for-my-ride","the-art-of-nostalgia","The Art of Nostalgia"
"waiting-i","water-and-gold","Water and Gold"
"waiting-ii","water-and-gold","Water and Gold"
"waiting-iii","water-and-gold","Water and Gold"
"waiting-iv","water-and-gold","Water and Gold"
"walk-the-edge-of-the-water-at-the-end-of-the-day-i","ocean-island-shore","Ocean, Island, Shore"
"walk-the-edge-of-the-water-at-the-end-of-the-day-ii","ocean-island-shore","Ocean, Island, Shore"
"walk-the-wild-shore","ocean-island-shore","Ocean, Island, Shore"
"walking-out-","archive","Archive"
"walking-out","the-art-of-nostalgia","The Art of Nostalgia"
"walking-to-seal-cove","ocean-island-shore","Ocean, Island, Shore"
"wanda-s-weekend","the-art-of-nostalgia","The Art of Nostalgia"
"watchers-on-the-sand","the-art-of-nostalgia","The Art of Nostalgia"
"watching-the-water-down-below","ocean-island-shore","Ocean, Island, Shore"
"water-ribbons-and-fluff-flowers","water-and-gold","Water and Gold"
"water-s-edge","water-and-gold","Water and Gold"
"water-s-edge-i","water-and-gold","Water and Gold"
"water-s-edge-ii-the-dragonfly","water-and-gold","Water and Gold"
"waterbabes","the-art-of-nostalgia","The Art of Nostalgia"
"waterside","water-and-gold","Water and Gold"
"waterside-with-a-white-wallaby","ocean-island-shore","Ocean, Island, Shore"
"we-rode-away","archive","Archive"
"westerly","archive","Archive"
"wetland-floating-flowers-i","landscape-painting","landscape painting"
"wetland-floating-flowers-i","water-and-gold","Water and Gold"
"wetlands-floating-flowers-ii","water-and-gold","Water and Gold"
"what-the-thunder-said","archive","Archive"
"when-the-wind-blows","ocean-island-shore","Ocean, Island, Shore"
"where-the-door-opened","the-art-of-nostalgia","The Art of Nostalgia"
"where-the-shrike-thrush-sings-ii","water-and-gold","Water and Gold"
"where-the-shrike-thrush-sings","water-and-gold","Water and Gold"
"where-there-is-air-and-silence","ocean-island-shore","Ocean, Island, Shore"
"wild-ocean-groyne","ocean-island-shore","Ocean, Island, Shore"
"wild-ocean-groyne","ocean-island-shore","Ocean, Island, Shore"
"wildflowers-high-over-blue","ocean-island-shore","Ocean, Island, Shore"
"williamstown","the-art-of-nostalgia","The Art of Nostalgia"
"wind-flowers","ocean-island-shore","Ocean, Island, Shore"
"wind-hewn","ocean-island-shore","Ocean, Island, Shore"
"wind-sculpted","ocean-island-shore","Ocean, Island, Shore"
"windrushed-and-sunlit","ocean-island-shore","Ocean, Island, Shore"
"winter-dune","ocean-island-shore","Ocean, Island, Shore"
"winter-dune","ocean-island-shore","Ocean, Island, Shore"
"winter-sea","ocean-island-shore","Ocean, Island, Shore"
"winter-sea-ii","ocean-island-shore","Ocean, Island, Shore"
"winter-shore","ocean-island-shore","Ocean, Island, Shore"
"winter-water-for-dry-land-i","water-and-gold","Water and Gold"
"winter-water-for-dry-land-ii","water-and-gold","Water and Gold"
"woods-and-water-study-i","water-and-gold","Water and Gold"
"woods-and-water-study-ii","water-and-gold","Water and Gold"
"wrack","archive","Archive"
"wrack-i","archive","Archive"
"beat-the-heat-ii","archive","Archive"
